,Team,Player,Games,Wins,Losses,Winrate,Kills,Deaths,Assists,KDA,CS,CSPM,Gold,GPM,Kill Participation,Kill Share,Gold Share,Champions Played,Position
0,JD_Gaming,Clid,50,30,20,60.0,2.4,2.44,6.46,3.63,173.3,5.2,11.18,336,69.1,18.7,18.5,14,JG
1,JD_Gaming,LokeN,50,30,20,60.0,3.68,1.52,5.4,5.97,322.52,9.68,14.33,430,70.8,28.7,23.7,12,ADC
2,JD_Gaming,LvMao,50,30,20,60.0,0.76,2.68,8.14,3.32,42.34,1.27,8.13,244,69.4,5.9,13.4,11,Supp
3,JD_Gaming,YaGao,50,30,20,60.0,3.38,2.44,5.4,3.6,277.38,8.33,12.93,388,68.5,26.4,21.4,14,Mid
4,JD_Gaming,Zoom,50,30,20,60.0,2.6,2.0,5.56,4.08,299.9,9.0,13.72,412,63.7,20.3,22.7,12,Top
5,Invictus_Gaming,Ning,49,37,12,75.5,3.31,3.06,7.04,3.38,170.51,5.67,11.03,367,67.0,21.4,18.9,11,JG
6,Invictus_Gaming,Rookie,49,37,12,75.5,4.63,2.0,6.49,5.56,267.69,8.9,12.67,421,72.0,30.0,21.7,14,Mid
7,We,957,48,19,29,39.6,1.54,2.23,4.6,2.76,292.1,8.28,12.74,361,57.8,14.5,20.5,15,Top
8,Bilibili_Gaming,AmazingJ,48,18,30,37.5,1.48,2.98,5.08,2.2,280.65,8.48,12.32,372,65.2,14.7,21.3,13,Top
9,Invictus_Gaming,Baolan,48,36,12,75.0,0.92,2.15,8.9,4.57,52.21,1.75,7.77,261,65.2,6.1,13.4,9,Supp
10,Bilibili_Gaming,Jinjiao,48,18,30,37.5,2.58,2.5,4.75,2.93,305.52,9.23,13.32,402,72.9,25.7,23.1,14,ADC
11,Bilibili_Gaming,Road,48,18,30,37.5,1.04,3.21,6.6,2.38,58.73,1.77,8.56,259,76.0,10.4,14.8,11,Supp
12,We,Xiye,48,19,29,39.6,2.96,2.1,4.35,3.48,329.48,9.34,14.04,398,68.8,27.8,22.6,20,Mid
13,Topsports_Gaming,Cat (Wu Yao),47,23,24,48.9,0.98,3.09,7.53,2.76,71.77,2.1,8.89,260,67.0,7.7,14.4,10,Supp
14,Snake_Esports,Flandre,47,20,27,42.6,2.21,2.36,4.83,2.98,326.64,9.69,13.54,401,67.8,21.3,22.9,18,Top
15,Topsports_Gaming,QiuQiu (Zhang Ming),47,23,24,48.9,3.02,2.23,5.85,3.97,304.34,8.89,13.81,403,69.8,23.8,22.3,11,ADC
16,Snake_Esports,SofM,47,20,27,42.6,2.87,2.21,5.15,3.63,237.91,7.06,12.29,364,77.3,27.7,20.8,14,JG
17,Topsports_Gaming,Xx (Xiong Yu-Long),47,23,24,48.9,2.77,2.57,6.64,3.65,191.3,5.59,11.86,346,74.0,21.8,19.2,10,JG
18,FunPlus_Phoenix,Cool,46,20,26,43.5,3.0,2.76,5.46,3.06,304.87,8.86,13.4,389,71.9,25.5,22.0,18,Mid
19,FunPlus_Phoenix,Crisp,46,20,26,43.5,0.87,2.78,7.78,3.11,49.11,1.43,8.45,245,73.6,7.4,13.9,9,Supp
20,Rogue_Warriors,Doinb,46,32,14,69.6,3.74,2.46,5.98,3.96,318.09,10.07,14.16,448,71.1,27.3,23.5,15,Mid
21,Oh_My_God,Five,46,15,31,32.6,0.83,2.96,7.0,2.65,51.8,1.52,8.31,244,72.4,7.6,14.1,8,Supp
22,FunPlus_Phoenix,GimGoon,46,20,26,43.5,1.96,2.2,4.57,2.97,287.72,8.36,13.01,378,55.5,16.6,21.4,14,Top
23,Oh_My_God,Icon,46,15,31,32.6,3.48,2.39,4.46,3.32,313.52,9.2,13.64,400,73.4,32.2,23.2,16,Mid
24,Invictus_Gaming,JackeyLove,46,35,11,76.1,3.54,2.24,5.35,3.97,292.89,9.77,13.24,442,60.7,24.2,22.8,10,ADC
25,Freecs,Kiin,46,26,20,56.5,2.48,1.61,3.78,3.89,346.46,9.61,15.02,417,62.1,24.6,23.3,13,Top
26,Rogue_Warriors,Killua,46,32,14,69.6,1.13,2.57,8.41,3.72,47.5,1.5,8.48,269,69.8,8.3,14.1,11,Supp
27,Freecs,Kuro,46,26,20,56.5,2.54,1.43,4.76,5.09,328.37,9.11,14.06,390,72.4,25.2,21.8,20,Mid
28,FunPlus_Phoenix,Lwx,46,20,26,43.5,3.48,2.61,4.57,3.08,338.59,9.84,14.68,427,68.4,29.6,24.1,13,ADC
29,EDward_Gaming,Meiko,46,27,19,58.7,0.87,2.48,9.57,4.21,46.37,1.41,8.37,255,72.4,6.0,14.0,10,Supp
30,EDward_Gaming,Ray,46,27,19,58.7,2.78,1.7,5.83,5.08,267.28,8.14,12.36,376,59.7,19.3,20.6,17,Top
31,EDward_Gaming,Scout,46,27,19,58.7,4.2,2.3,6.2,4.51,301.35,9.17,13.4,408,72.1,29.1,22.4,17,Mid
32,Rogue_Warriors,Smlz,46,32,14,69.6,3.96,2.41,5.5,3.92,325.28,10.3,14.45,458,69.2,28.9,24.0,17,ADC
33,Freecs,TusiN,46,26,20,56.5,0.76,2.0,6.46,3.61,69.72,1.93,9.0,250,71.6,7.5,13.9,12,Supp
34,Oh_My_God,Xiyang,46,15,31,32.6,1.26,1.85,4.63,3.19,289.96,8.51,12.45,365,54.5,11.7,21.1,13,Top
35,Suning_Gaming,Fury (Lee Jin-yong),45,24,21,53.3,3.82,2.31,5.71,4.13,315.87,9.09,14.25,410,69.5,27.9,22.4,15,ADC
36,Suning_Gaming,H4cker,45,24,21,53.3,2.53,2.64,7.07,3.63,211.56,6.09,12.34,355,70.0,18.5,19.4,11,JG
37,Hanwha_Life_Esports,Key,45,25,20,55.6,0.56,1.64,6.07,4.03,61.67,1.82,8.49,251,71.1,6.0,14.1,14,Supp
38,Hanwha_Life_Esports,Lava,45,25,20,55.6,2.4,2.02,4.58,3.45,304.18,8.99,13.32,394,74.9,25.8,22.1,16,Mid
39,Hanwha_Life_Esports,Lindarang,45,25,20,55.6,1.98,2.29,3.69,2.48,292.36,8.64,13.06,386,60.9,21.2,21.7,15,Top
40,Royal_Never_Give_Up,Ming (Shi Sen-Ming),45,30,15,66.7,0.67,2.11,9.02,4.59,51.62,1.44,8.95,250,73.6,5.1,13.6,9,Supp
41,JAG,Nova (Park Chan-ho),45,14,31,31.1,0.42,1.96,3.98,2.25,56.11,1.54,8.19,225,63.7,6.1,13.3,12,Supp
42,Hanwha_Life_Esports,Sangyoon,45,25,20,55.6,3.02,1.18,3.4,5.45,350.51,10.36,14.91,441,69.0,32.5,24.8,13,ADC
43,Hanwha_Life_Esports,SeongHwan,45,25,20,55.6,1.36,2.16,5.38,3.12,157.96,4.67,10.4,307,72.3,14.6,17.3,11,JG
44,JAG,SoHwan,45,14,31,31.1,1.16,1.69,3.09,2.5,327.44,8.99,13.71,377,61.4,16.7,22.2,14,Top
45,JAG,Teddy,45,14,31,31.1,2.31,1.58,2.53,3.07,388.07,10.66,15.28,420,70.1,33.4,24.8,14,ADC
46,Suning_Gaming,XiaoAL,45,24,21,53.3,3.07,1.73,5.78,5.09,320.98,9.23,14.42,415,64.5,22.4,22.7,15,Top
47,Suning_Gaming,Yoon,45,24,21,53.3,0.76,1.51,8.76,6.29,59.51,1.71,8.77,252,69.4,5.5,13.8,10,Supp
48,Gen.G,CoreJJ,44,28,16,63.6,0.41,1.64,5.93,3.88,49.66,1.44,8.29,240,73.8,4.8,13.4,10,Supp
49,JAG,Grace,44,14,30,31.8,1.82,1.73,2.86,2.71,329.41,9.07,13.54,373,66.2,25.7,22.0,17,Mid
50,Snake_Esports,Guoguo,44,19,25,43.2,2.59,1.98,4.11,3.39,272.57,8.17,12.05,361,65.8,25.4,20.6,16,Mid
51,Gen.G,Ruler,44,28,16,63.6,2.68,1.23,3.61,5.13,368.36,10.67,15.36,445,73.3,31.2,24.9,6,ADC
52,SKT1,Thal,44,20,24,45.5,2.02,2.27,3.2,2.29,328.68,9.42,14.08,404,58.4,22.6,22.7,17,Top
53,Kingzone_DragonX,Bdd,43,28,15,65.1,2.98,1.53,4.4,4.8,308.16,9.11,13.5,399,70.4,28.4,21.8,20,Mid
54,Bbq_Olivers,Crazy,43,9,34,20.9,1.53,1.88,2.6,2.2,292.21,8.49,12.3,357,60.3,22.4,21.7,14,Top
55,Gen.G,CuVee,43,28,15,65.1,1.67,1.72,3.58,3.05,326.86,9.4,13.93,401,60.4,19.3,22.4,10,Top
56,KTRolster,Deft,43,29,14,67.4,2.28,1.51,4.42,4.43,350.84,9.66,15.17,418,65.8,22.4,23.1,12,ADC
57,Kingzone_DragonX,GorillA,43,28,15,65.1,0.84,2.0,5.74,3.29,51.67,1.53,8.25,244,62.9,8.0,13.3,13,Supp
58,EDward_Gaming,IBoy,43,26,17,60.5,3.88,2.42,5.77,3.99,310.21,9.47,13.91,425,66.2,26.6,23.2,8,ADC
59,Bbq_Olivers,IgNar,43,9,34,20.9,0.56,1.74,4.14,2.69,62.91,1.83,7.98,232,68.5,8.1,14.1,12,Supp
60,Snake_Esports,Maestro,43,19,24,44.2,0.65,2.4,6.44,2.96,54.53,1.63,8.06,241,67.2,6.2,13.7,13,Supp
61,KTRolster,Mata,43,29,14,67.4,0.93,2.02,6.0,3.43,61.56,1.69,8.95,246,68.0,9.1,13.6,8,Supp
62,Kingzone_DragonX,PraY,43,28,15,65.1,2.42,1.49,4.09,4.38,348.7,10.3,14.56,430,62.2,23.1,23.6,10,ADC
63,Bbq_Olivers,Tempt,43,9,34,20.9,2.21,1.67,2.95,3.08,326.58,9.48,13.19,383,75.3,32.2,23.3,18,Mid
64,Lgd,Jinoo,42,21,21,50.0,2.79,2.81,4.76,2.69,262.93,8.28,12.29,387,56.7,20.9,21.8,16,Top
65,KTRolster,Smeb,42,29,13,69.0,2.26,1.43,4.4,4.67,341.36,9.39,14.93,411,64.4,21.8,22.6,15,Top
66,KTRolster,Ucal,42,29,13,69.0,2.71,1.64,4.14,4.17,344.29,9.5,14.84,409,66.8,26.5,22.5,14,Mid
67,Lgd,Yuuki (Hu Hao-Ming),42,21,21,50.0,3.98,2.79,5.31,3.33,283.38,8.93,13.0,410,69.8,29.9,23.1,10,Mid
68,Vici,Aodi,41,10,31,24.4,2.17,3.76,4.17,1.69,283.8,8.19,12.55,362,60.6,20.7,21.3,12,Top
69,SKT1,Bang,41,19,22,46.3,2.17,1.29,4.12,4.87,343.88,9.76,14.54,413,70.1,24.2,23.2,10,ADC
70,Lgd,Eimy,41,21,20,51.2,2.1,2.51,6.2,3.3,144.8,4.6,9.96,316,63.3,16.0,17.8,12,JG
71,Gen.G,Fly (Song Yong-jun),41,26,15,63.4,2.32,1.34,4.2,4.84,289.27,8.41,12.95,376,74.2,26.4,21.0,10,Mid
72,MVP,Ian,41,11,30,26.8,2.15,1.98,3.37,2.79,290.07,8.62,12.36,367,77.4,30.1,22.1,14,Mid
73,Griffin,Lehends,41,28,13,68.3,1.17,1.41,7.2,5.91,62.37,1.74,9.25,258,74.1,10.4,14.1,8,Supp
74,Griffin,Sword,41,28,13,68.3,2.46,1.63,4.56,4.3,320.51,8.95,14.31,399,62.2,21.8,21.8,14,Top
75,Griffin,Tarzan (Lee Seung-yong),41,28,13,68.3,1.85,1.34,6.88,6.51,180.68,5.04,11.66,325,77.3,16.4,17.8,12,JG
76,JAG,UmTi,41,14,27,34.1,1.34,2.17,4.07,2.49,184.9,5.02,11.19,304,74.2,18.4,17.9,12,JG
77,Griffin,Viper (Park Do-hyeon),41,28,13,68.3,2.54,1.12,5.34,7.02,369.49,10.31,15.5,433,69.8,22.5,23.6,15,ADC
78,MVP,Yondu,41,11,30,26.8,1.54,2.46,3.88,2.2,157.68,4.69,9.83,292,76.0,21.6,17.6,12,JG
79,Kingzone_DragonX,Khan,40,25,15,62.5,2.45,1.83,3.3,3.15,307.15,9.27,13.49,407,56.7,24.1,22.3,15,Top
80,Lgd,Pyl,40,21,19,52.5,1.2,3.23,8.13,2.89,52.38,1.64,8.17,255,67.7,8.7,14.3,8,Supp
81,SKT1,Blank,39,19,20,48.7,1.21,1.97,5.59,3.44,169.0,4.74,10.93,306,73.6,13.1,17.2,10,JG
82,Bbq_Olivers,Ghost (Jang Yong-jun),39,9,30,23.1,1.44,2.08,3.03,2.15,317.08,9.18,13.02,377,65.4,21.1,22.8,10,ADC
83,SKT1,Effort,38,20,18,52.6,1.16,2.45,5.42,2.69,60.13,1.69,8.89,250,69.3,12.2,13.9,8,Supp
84,G-Rex,Koala (Lin Chih-Chiang),38,17,21,44.7,0.76,2.39,6.95,3.22,57.21,1.59,8.59,238,72.5,7.2,13.9,7,Supp
85,G-Rex,PK,38,17,21,44.7,2.0,3.18,4.53,2.04,285.39,7.92,12.95,359,61.4,18.8,21.0,15,Top
86,MVP,Pilot,38,11,27,28.9,1.82,1.47,3.71,3.75,340.39,10.18,13.62,407,76.1,25.0,24.4,14,ADC
87,Lgd,Y4,38,21,17,55.3,3.5,2.42,6.53,4.13,293.03,9.16,13.3,416,71.2,24.9,23.1,10,ADC
88,J_Team,Breaker,37,17,20,45.9,2.14,2.7,7.0,3.38,164.22,4.59,11.05,309,73.6,17.2,17.8,9,JG
89,Rogue_Warriors,Flawless,37,26,11,70.3,1.95,2.73,5.97,2.9,167.16,5.28,10.69,338,61.9,15.2,17.8,10,JG
90,J_Team,FoFo,37,17,20,45.9,3.46,1.78,4.97,4.73,319.38,8.92,14.01,392,68.0,27.9,22.6,15,Mid
91,Bilibili_Gaming,Mole,37,15,22,40.5,3.43,2.59,3.03,2.49,299.16,9.25,13.03,403,64.9,34.5,22.9,13,Mid
92,Rogue_Warriors,Mouse,37,26,11,70.3,2.08,1.89,5.73,4.13,268.95,8.5,12.39,392,61.1,16.3,20.7,10,Top
93,J_Team,Rest,37,17,20,45.9,2.86,2.08,4.97,3.77,299.7,8.37,13.88,388,63.2,23.1,22.3,12,Top
94,Vici,Swift,37,8,29,21.6,2.14,3.38,5.35,2.22,181.03,5.21,11.05,318,71.0,20.3,18.8,13,JG
95,J_Team,Ysera,37,17,20,45.9,0.46,2.97,7.41,2.65,43.22,1.21,8.19,229,63.4,3.7,13.2,9,Supp
96,MVP,ADD,36,10,26,27.8,1.25,2.31,3.56,2.08,302.81,8.86,12.59,369,66.3,17.2,22.1,13,Top
97,MVP,Max (Jeong Jong-bin),36,10,26,27.8,0.67,2.36,4.28,2.09,68.58,2.03,8.29,245,67.2,9.1,14.7,19,Supp
98,We,Mystic,36,17,19,47.2,3.78,2.39,5.08,3.71,357.22,10.26,15.42,443,76.1,32.5,24.8,10,ADC
99,KTRolster,Score,36,25,11,69.4,2.0,1.97,5.39,3.75,191.47,5.2,12.05,327,72.7,19.7,18.0,9,JG
100,Freecs,Spirit,36,21,15,58.3,1.83,1.72,5.31,4.15,177.78,5.05,11.27,320,71.4,18.3,17.8,11,JG
101,Bbq_Olivers,Trick,36,9,27,25.0,1.22,2.25,4.17,2.4,173.22,5.05,10.36,302,77.9,17.7,18.2,12,JG
102,Freecs,Aiming,35,21,14,60.0,2.77,1.46,4.71,5.14,354.49,9.75,15.48,426,71.4,26.4,23.6,10,ADC
103,Bilibili_Gaming,Chieftain,35,15,20,42.9,1.46,2.49,5.31,2.72,163.83,5.02,10.36,317,68.5,14.7,18.0,8,JG
104,Phong_V%C5%A9_Buffalo,BigKoro,34,26,8,76.5,4.06,1.85,6.12,5.49,293.18,9.05,13.95,431,56.0,22.3,21.9,10,ADC
105,MAD_Team,Breeze,34,21,13,61.8,3.32,1.12,4.44,6.95,317.15,9.63,14.15,430,67.0,28.7,24.1,7,ADC
106,Hong_Kong_Attitude,Cyeol,34,19,15,55.9,2.94,2.24,4.32,3.25,322.53,9.11,14.05,397,67.5,27.3,22.3,12,Mid
107,Machi_E-Sports,DeuL,34,15,19,44.1,2.88,1.62,3.76,4.11,356.15,10.07,14.94,422,72.9,31.6,24.4,8,ADC
108,Hong_Kong_Attitude,Erssu,34,19,15,55.9,2.44,2.91,4.53,2.39,310.03,8.76,13.97,395,64.8,22.7,22.2,9,Top
109,Hong_Kong_Attitude,Gemini,34,19,15,55.9,2.47,2.32,4.76,3.11,169.03,4.78,11.32,320,67.2,23.0,18.0,9,JG
110,MAD_Team,K,34,21,13,61.8,0.53,1.44,7.0,5.22,52.09,1.58,8.16,248,65.0,4.6,13.9,7,Supp
111,Hong_Kong_Attitude,Kaiwing,34,19,15,55.9,0.71,1.65,6.68,4.48,67.94,1.92,9.01,254,68.6,6.6,14.3,8,Supp
112,MAD_Team,Kongyue,34,21,13,61.8,2.62,1.65,5.94,5.2,185.97,5.65,11.6,352,73.9,22.6,19.7,7,JG
113,Phong_V%C5%A9_Buffalo,Naul,34,26,8,76.5,3.74,1.88,6.79,5.59,290.65,8.97,13.5,417,57.9,20.6,21.2,10,Mid
114,Phong_V%C5%A9_Buffalo,Palette,34,26,8,76.5,1.88,2.06,10.68,6.1,56.91,1.76,9.29,287,69.1,10.4,14.6,12,Supp
115,MAD_Team,Uniboy,34,21,13,61.8,3.12,1.12,5.09,7.34,282.24,8.57,12.85,390,70.8,26.9,21.9,9,Mid
116,Hong_Kong_Attitude,Unified,34,19,15,55.9,2.21,1.85,4.68,3.71,344.68,9.74,14.57,412,63.9,20.5,23.2,11,ADC
117,Phong_V%C5%A9_Buffalo,Zeros,34,26,8,76.5,4.59,2.82,6.0,3.75,316.74,9.78,14.83,458,58.3,25.2,23.3,10,Top
118,Team_Afro,Zest (Hsieh Ming-Hsuan),34,11,23,32.4,0.32,2.59,6.29,2.56,39.12,1.07,7.8,214,70.3,3.4,12.9,11,Supp
119,FunPlus_Phoenix,Alex,33,16,17,48.5,2.82,2.48,6.64,3.8,185.3,5.31,11.65,334,72.2,21.5,18.8,8,JG
120,Vici,Caveman,33,6,27,18.2,1.09,3.58,6.03,1.99,50.76,1.54,7.74,235,70.6,10.8,14.0,8,Supp
121,Griffin,Chovy,33,23,10,69.7,3.48,0.94,5.03,9.06,353.03,9.73,15.16,418,71.1,29.1,22.8,11,Mid
122,Cube_Adonis,EasyLove,33,20,13,60.6,4.06,2.67,5.73,3.67,296.52,9.85,13.4,445,55.8,23.1,23.3,10,ADC
123,Cherry_Esports,Hari,33,10,23,30.3,3.06,4.0,4.18,1.81,243.24,8.64,11.2,398,52.6,22.2,22.3,12,Top
124,FTV_Esports,Knight (Vũ Hồng Sơn),33,12,21,36.4,3.39,4.42,6.45,2.23,141.94,5.08,9.79,350,67.3,23.2,19.5,12,JG
125,Royal_Never_Give_Up,Letme,33,21,12,63.6,2.58,1.61,5.27,4.88,303.61,8.37,13.88,383,60.1,19.7,21.0,12,Top
126,Snake_Esports,Light (Wang Guang-Yu),33,13,20,39.4,2.36,2.0,4.42,3.39,331.7,9.69,13.6,397,65.9,22.9,22.8,10,ADC
127,Cube_Adonis,Pake,33,20,13,60.6,4.3,2.48,5.45,3.93,271.3,9.01,12.79,425,55.6,24.5,22.2,8,Mid
128,EVOS_Esports,RonOP,33,20,13,60.6,1.67,2.61,7.85,3.65,44.3,1.49,7.76,260,65.0,11.4,13.9,10,Supp
129,EVOS_Esports,Slay,33,20,13,60.6,3.55,2.12,5.52,4.26,276.88,9.29,12.7,426,61.9,24.2,22.7,11,ADC
130,Cube_Adonis,Sorn,33,20,13,60.6,4.18,3.52,7.45,3.31,160.21,5.32,11.3,375,66.3,23.8,19.6,8,JG
131,FTV_Esports,Taurus,33,12,21,36.4,2.42,3.94,5.06,1.9,215.76,7.72,10.36,370,51.1,16.6,20.6,7,Top
132,FTV_Esports,Victory,33,12,21,36.4,4.42,3.85,4.73,2.38,241.27,8.63,11.59,414,62.5,30.2,23.0,14,Mid
133,EVOS_Esports,Warzone,33,20,13,60.6,3.06,1.82,6.12,5.05,266.15,8.93,12.12,406,62.7,20.9,21.6,10,Mid
134,EVOS_Esports,YiJin,33,20,13,60.6,3.39,2.73,6.24,3.53,180.21,6.04,11.2,376,65.8,23.2,20.0,12,JG
135,AHQ,An,32,9,23,28.1,2.16,1.78,3.38,3.11,355.72,9.85,14.58,404,62.1,24.2,23.9,17,ADC
136,Suning_Gaming,Angel (Xiang Tao),32,18,14,56.3,3.47,2.13,5.56,4.25,322.34,9.18,14.09,401,63.0,24.2,21.9,10,Mid
137,Friends_Forever_QTV_Gaming,Artifact,32,21,11,65.6,4.34,3.03,5.19,3.14,261.16,9.31,12.33,440,62.1,28.3,23.1,11,Mid
138,Friends_Forever_QTV_Gaming,Celebrity,32,21,11,65.6,3.88,2.22,5.44,4.2,259.88,9.27,12.32,439,60.7,25.3,23.0,10,ADC
139,We,Condi,32,10,22,31.3,1.84,2.31,5.53,3.19,175.78,4.91,11.15,312,73.1,18.3,18.0,13,JG
140,Machi_E-Sports,Dreamer,32,15,17,46.9,0.53,2.63,5.97,2.48,47.97,1.35,8.39,237,70.3,5.7,13.6,8,Supp
141,Invictus_Gaming,Duke,32,23,9,71.9,2.72,2.16,4.34,3.28,261.56,9.0,11.96,412,49.8,19.2,21.1,9,Top
142,Vici,FireRain,32,8,24,25.0,3.06,3.59,3.97,1.96,300.31,8.97,13.14,393,61.1,26.6,22.9,10,Mid
143,Royal_Never_Give_Up,Karsa,32,21,11,65.6,2.59,2.72,7.25,3.62,167.53,4.86,11.41,331,73.8,19.4,18.0,8,JG
144,Friends_Forever_QTV_Gaming,KingJ,32,21,11,65.6,2.5,2.63,5.44,3.02,232.59,8.3,11.07,395,51.7,16.3,20.7,10,Top
145,J_Team,Lilv,32,17,15,53.1,3.72,1.75,5.91,5.5,351.16,9.89,15.09,425,71.3,27.5,24.1,13,ADC
146,Vici,Snow (Wu Hao-Shun),32,6,26,18.8,2.59,2.28,5.13,3.38,307.31,8.92,13.46,391,70.2,23.6,23.0,13,ADC
147,AHQ,Wako,32,9,23,28.1,2.59,2.19,3.63,2.84,325.5,9.01,13.88,384,69.8,29.1,22.8,13,Mid
148,AHQ,Ziv (Chen Yi),32,9,23,28.1,1.91,2.59,2.94,1.87,312.88,8.66,13.49,373,54.4,21.4,22.1,12,Top
149,MES,Archie (Trần Minh Nhựt),31,17,14,54.8,1.45,3.06,9.32,3.52,57.35,1.84,8.26,266,63.9,8.6,14.3,10,Supp
150,Yoe_Flash_Wolves,Betty,31,28,3,90.3,3.39,1.39,6.35,7.02,280.13,9.42,13.21,444,67.0,23.3,23.3,9,ADC
151,MES,Blazes,31,17,14,54.8,4.32,3.03,6.65,3.62,280.65,9.03,13.15,423,65.0,25.6,22.7,14,Mid
152,Vikings_Gaming,Hani,31,4,27,12.9,2.35,3.68,3.45,1.58,237.26,8.02,10.57,357,50.8,20.6,21.6,18,Top
153,Yoe_Flash_Wolves,Maple (Huang Yi-Tang),31,28,3,90.3,4.42,1.42,5.9,7.27,273.45,9.19,12.74,428,71.0,30.4,22.4,11,Mid
154,MES,Spot,31,17,14,54.8,4.1,3.29,7.68,3.58,167.74,5.4,11.54,371,69.8,24.3,20.0,9,JG
155,Yoe_Flash_Wolves,Moojin,30,28,2,93.3,2.77,1.63,6.9,5.92,167.03,5.63,10.82,365,64.7,18.5,19.0,8,JG
156,Kingzone_DragonX,Peanut,30,22,8,73.3,2.03,1.7,5.8,4.61,202.37,5.8,12.07,346,67.7,17.6,18.7,10,JG
157,EVOS_Esports,Stark (Phan Công Minh),30,19,11,63.3,3.23,2.43,4.93,3.36,273.17,9.09,12.64,421,53.5,21.2,22.3,11,Top
158,Vikings_Gaming,Upin,30,4,26,13.3,2.6,3.43,4.57,2.09,230.33,7.79,10.75,364,62.9,22.8,22.0,15,ADC
159,FTV_Esports,Akeno,29,12,17,41.4,1.1,4.62,8.24,2.02,34.52,1.26,7.35,268,62.0,7.3,14.7,11,Supp
160,G-Rex,Candy (Kim Seung-ju),29,13,16,44.8,3.28,2.1,4.48,3.69,328.17,8.93,14.37,391,69.7,29.4,22.8,9,Mid
161,Oh_My_God,Chelly (Li Yu-Zhou),29,9,20,31.0,3.41,2.62,4.28,2.93,312.14,9.2,13.75,405,67.2,29.8,23.5,13,ADC
162,MAD_Team,Liang,29,17,12,58.6,2.1,1.83,4.69,3.72,266.62,8.16,12.01,367,61.6,19.1,20.8,9,Top
163,MES,Noway (Nguyễn Vũ Long),29,16,13,55.2,3.9,2.24,6.93,4.83,272.86,8.84,12.94,419,64.2,23.1,22.5,10,ADC
164,Team_Afro,Rainbow (Kim Soo-gi),29,11,18,37.9,2.97,2.28,4.14,3.12,349.0,9.25,14.74,391,69.6,29.1,23.3,9,ADC
165,Topsports_Gaming,Corn (Lei Wen),28,14,14,50.0,4.0,2.75,5.11,3.31,330.21,9.19,14.74,410,69.1,30.4,22.5,8,Mid
166,AHQ,Albis,27,8,19,29.6,0.63,2.59,5.44,2.34,48.56,1.34,8.47,233,65.3,6.8,13.8,6,Supp
167,Friends_Forever_QTV_Gaming,DNK,27,18,9,66.7,3.44,2.89,7.04,3.63,155.19,5.44,10.65,374,67.9,22.3,19.5,11,JG
168,Royal_Never_Give_Up,Uzi (Jian Zi-Hao),27,16,11,59.3,4.04,2.19,4.19,3.76,386.7,11.0,16.26,463,72.5,35.6,25.8,9,ADC
169,Royal_Never_Give_Up,Xiaohu,27,17,10,63.0,2.96,1.96,5.78,4.45,309.81,8.71,14.07,395,70.4,23.9,21.7,13,Mid
170,Gen.G,Ambition,26,16,10,61.5,0.88,1.88,4.77,3.0,181.35,5.05,10.97,306,74.2,11.6,17.5,6,JG
171,FTV_Esports,Manis,26,11,15,42.3,3.27,2.81,5.35,3.07,243.35,8.72,11.2,401,56.1,21.3,21.9,7,ADC
172,Yoe_Flash_Wolves,SwordArT,26,24,2,92.3,1.0,1.42,8.88,6.95,47.38,1.65,7.78,271,66.9,6.8,14.0,7,Supp
173,SKT1,Faker,25,10,15,40.0,2.52,2.2,4.4,3.15,331.8,9.65,13.93,405,74.9,27.3,23.0,15,Mid
174,Yoe_Flash_Wolves,Hanabi,25,24,1,96.0,3.0,1.8,5.68,4.82,253.56,8.5,12.43,417,57.0,19.7,21.5,11,Top
175,G-Rex,Wuji,25,12,13,48.0,2.52,2.4,4.72,3.02,310.36,8.59,13.71,379,65.3,22.7,21.9,12,ADC
176,Machi_E-Sports,3z,24,10,14,41.7,1.54,2.17,3.25,2.21,297.58,8.69,12.91,377,59.6,19.2,21.8,8,Top
177,Vikings_Gaming,CBL,24,3,21,12.5,1.33,3.67,5.5,1.86,40.92,1.36,7.08,235,62.1,12.1,14.3,10,Supp
178,EDward_Gaming,Clearlove,24,17,7,70.8,2.21,2.13,7.67,4.65,154.46,4.63,10.74,322,68.5,15.3,17.5,9,JG
179,Team_Afro,Epic,24,8,16,33.3,1.83,2.79,4.29,2.19,180.5,4.72,11.53,301,63.6,19.0,18.1,8,JG
180,Phong_V%C5%A9_Buffalo,Meliodas (Hoàng Tiến Nhật),24,19,5,79.2,4.17,2.67,7.96,4.55,189.5,5.71,12.63,381,65.5,22.5,19.2,9,JG
181,We,Missing,24,8,16,33.3,1.08,2.88,6.54,2.65,51.38,1.45,8.91,252,75.3,10.7,14.4,10,Supp
182,Team_Afro,Moonblack,24,7,17,29.2,1.96,2.58,4.21,2.39,339.46,9.32,13.98,384,65.5,20.8,23.4,10,Mid
183,Machi_E-Sports,Apex (Hsieh Chia-Wei),23,8,15,34.8,2.0,2.39,4.13,2.56,314.09,8.82,13.16,370,68.1,22.2,21.8,12,Mid
184,Machi_E-Sports,Bugi,23,13,10,56.5,2.3,2.26,4.17,2.87,200.61,5.46,12.2,332,63.7,22.6,18.7,9,JG
185,Cube_Adonis,Kit,23,15,8,65.2,1.96,3.7,8.96,2.95,39.09,1.31,8.1,272,59.1,10.6,13.9,9,Supp
186,Vikings_Gaming,Light (Nguyễn Đức Minh),23,4,19,17.4,2.48,3.74,4.91,1.98,165.35,5.47,9.87,326,61.4,20.6,19.4,9,JG
187,Topsports_Gaming,Moyu,23,13,10,56.5,2.83,2.48,6.39,3.72,311.48,8.93,14.52,416,67.9,20.8,22.7,6,Top
188,G-Rex,Baybay,22,9,13,40.9,1.91,3.77,5.36,1.93,184.05,5.23,11.28,321,69.0,18.1,18.8,10,JG
189,EDward_Gaming,Haro,22,10,12,45.5,3.05,2.55,7.5,4.13,174.91,5.41,10.86,336,73.2,21.1,18.6,9,JG
190,G-Rex,Stitch,22,9,13,40.9,3.14,2.05,3.59,3.29,364.86,10.44,15.11,433,71.2,33.2,25.5,11,ADC
191,Friends_Forever_QTV_Gaming,Venus,22,17,5,77.3,1.41,2.64,9.73,4.22,50.73,1.82,7.63,274,69.6,8.8,14.0,8,Supp
192,FC_Schalke_04_Esports,Amazing (Maurice Stückenschneider),20,13,7,65.0,1.85,2.2,5.6,3.39,155.65,4.42,10.88,309,67.4,16.7,17.4,9,JG
193,100_Thieves,Aphromoo,20,12,8,60.0,0.9,2.75,8.45,3.4,46.75,1.26,9.25,249,68.0,6.5,13.6,7,Supp
194,Team_Vitality,Attila,20,14,6,70.0,3.9,1.7,5.5,5.53,319.85,9.65,14.62,441,66.4,27.6,23.8,11,ADC
195,Team_SoloMid,Bjergsen,20,11,9,55.0,3.35,1.6,4.0,4.59,336.8,9.34,14.69,407,70.7,32.2,22.4,14,Mid
196,Team_Vitality,Cabochard,20,14,6,70.0,3.35,2.3,6.75,4.38,274.45,8.28,13.26,400,71.4,23.7,21.6,9,Top
197,100_Thieves,Cody Sun,20,12,8,60.0,4.25,1.8,5.5,5.42,382.2,10.29,16.68,449,70.9,30.9,24.6,8,ADC
198,Echo_Fox,Dardoch,20,11,9,55.0,2.4,3.25,6.0,2.58,179.55,5.34,11.29,335,68.9,19.7,18.7,12,JG
199,FlyQuest,Flame,20,10,10,50.0,2.3,2.3,4.5,2.96,290.0,8.86,12.87,393,58.9,19.9,22.5,8,Top
200,Team_SoloMid,Grig,20,11,9,55.0,1.75,1.7,4.95,3.94,174.75,4.84,11.52,319,64.4,16.8,17.6,8,JG
201,Team_SoloMid,Hauntzer,20,11,9,55.0,2.15,2.35,4.1,2.66,345.45,9.58,14.91,413,60.1,20.7,22.7,9,Top
202,G2_Esports,Hjarnan,20,12,8,60.0,2.95,1.6,5.0,4.97,310.6,9.7,13.48,421,66.8,24.8,23.0,11,ADC
203,Echo_Fox,Huni,20,11,9,55.0,2.5,3.25,5.55,2.48,311.6,9.26,14.1,419,66.0,20.5,23.3,10,Top
204,Team_Vitality,Jactroll,20,14,6,70.0,1.25,2.55,8.7,3.9,42.7,1.29,8.89,268,70.3,8.8,14.5,8,Supp
205,G2_Esports,Jankos,20,12,8,60.0,2.2,1.95,6.8,4.62,143.8,4.49,10.29,321,75.6,18.5,17.6,9,JG
206,Team_Vitality,Jiizuke,20,14,6,70.0,3.55,2.75,5.7,3.36,278.1,8.39,13.28,401,65.4,25.1,21.7,10,Mid
207,FlyQuest,Keane,20,10,10,50.0,2.95,2.55,4.5,2.92,269.4,8.23,12.23,374,64.5,25.5,21.4,11,Mid
208,Team_SoloMid,Mithy,20,11,9,55.0,0.45,2.25,5.7,2.73,52.5,1.46,8.7,241,59.1,4.3,13.3,7,Supp
209,FC_Schalke_04_Esports,Nukeduck,20,13,7,65.0,3.5,2.15,3.65,3.33,336.8,9.55,14.72,417,64.7,31.7,23.6,15,Mid
210,G2_Esports,Perkz,20,12,8,60.0,4.15,1.5,4.35,5.67,325.9,10.18,14.21,444,71.4,34.9,24.3,12,Mid
211,100_Thieves,Ryu,20,12,8,60.0,2.75,2.25,6.8,4.24,293.3,7.9,13.95,376,69.5,20.0,20.6,11,Mid
212,FlyQuest,Santorin,20,10,10,50.0,2.2,2.1,6.25,4.01,147.6,4.51,10.31,315,73.2,19.0,18.0,9,JG
213,100_Thieves,Ssumday,20,12,8,60.0,3.85,1.4,4.8,6.18,350.0,9.43,16.07,433,62.9,28.0,23.7,10,Top
214,FC_Schalke_04_Esports,Upset,20,13,7,65.0,3.25,1.2,4.75,6.67,349.85,9.92,15.17,430,72.4,29.4,24.3,8,ADC
215,FC_Schalke_04_Esports,Vander,20,13,7,65.0,0.55,1.35,6.75,5.41,55.9,1.59,8.41,239,66.1,5.0,13.5,7,Supp
216,FC_Schalke_04_Esports,Vizicsacsi,20,13,7,65.0,1.9,2.7,4.8,2.48,299.25,8.49,13.31,377,60.6,17.2,21.3,8,Top
217,FlyQuest,WILDTURTLE,20,10,10,50.0,3.25,2.1,4.7,3.79,310.15,9.48,13.7,419,68.8,28.1,23.9,10,ADC
218,G2_Esports,Wadid,20,12,8,60.0,0.7,2.0,7.3,4.0,46.85,1.46,7.87,246,67.2,5.9,13.4,8,Supp
219,G2_Esports,Wunder,20,12,8,60.0,1.9,2.25,5.3,3.2,289.7,9.05,12.76,398,60.5,16.0,21.8,10,Top
220,Cube_Adonis,YT,20,12,8,60.0,3.25,3.25,6.15,2.89,251.75,8.31,12.4,409,51.9,18.0,21.4,9,Top
221,Cherry_Esports,Zeroday,20,8,12,40.0,3.85,3.95,6.95,2.73,272.1,8.89,12.62,412,69.0,24.6,22.3,7,Mid
222,Team_SoloMid,Zven,20,11,9,55.0,2.7,1.55,4.3,4.51,360.2,9.99,15.74,436,67.3,26.0,24.0,8,ADC
223,Royal_Never_Give_Up,Zz1tai,20,12,8,60.0,3.1,1.8,5.0,4.5,318.85,8.9,14.42,403,62.1,23.8,22.0,12,Top
224,Cherry_Esports,CIearG,19,5,14,26.3,3.32,2.95,5.16,2.88,227.42,8.48,10.74,401,63.1,24.7,23.0,8,ADC
225,Topsports_Gaming,Ggoong,19,9,10,47.4,3.16,1.58,5.32,5.37,249.68,7.86,11.86,374,70.6,26.3,21.1,12,Mid
226,Oh_My_God,Jiekou,19,6,13,31.6,1.89,3.58,5.95,2.19,170.68,4.83,10.84,307,67.4,16.3,17.7,6,JG
227,Topsports_Gaming,Lies (Guo Hao-Tian),19,7,12,36.8,1.74,3.05,4.89,2.17,277.47,8.39,12.27,371,53.6,14.0,21.1,8,Top
228,SKT1,Pirean,19,10,9,52.6,2.37,1.79,3.42,3.24,338.63,9.53,14.21,400,67.5,27.6,22.2,8,Mid
229,Royal_Never_Give_Up,Xiaohu,19,13,6,68.4,3.16,2.0,6.53,4.84,341.16,9.48,14.92,414,70.0,22.8,22.3,11,Mid
230,Cherry_Esports,Zin,19,6,13,31.6,3.84,1.58,4.11,5.03,273.37,9.06,12.37,410,57.9,28.0,22.9,9,ADC
231,Misfits_Gaming,Alphari,18,11,7,61.1,2.28,1.22,5.33,6.23,273.33,8.32,12.66,385,60.1,18.0,21.2,9,Top
232,OpTic_Gaming,Arrow,18,9,9,50.0,2.0,1.22,3.67,4.63,338.39,8.63,15.06,384,67.5,23.8,22.0,8,ADC
233,OpTic_Gaming,BIG,18,9,9,50.0,0.17,2.0,5.17,2.67,46.61,1.19,8.91,227,63.6,2.0,13.0,8,Supp
234,Cherry_Esports,Bara,18,7,11,38.9,2.94,3.61,6.78,2.69,155.22,5.18,10.49,350,63.6,19.3,19.0,5,JG
235,Giants_Gaming,Betsy,18,5,13,27.8,2.44,3.22,3.83,1.95,324.28,9.15,13.59,383,67.7,26.3,22.6,13,Mid
236,Counter_Logic_Gaming,Biofrost,18,7,11,38.9,0.83,2.17,6.89,3.56,51.44,1.4,8.97,244,70.9,7.7,14.0,8,Supp
237,Team_ROCCAT,Blanc,18,7,11,38.9,2.06,2.39,5.89,3.33,310.44,8.69,13.54,379,68.4,17.7,21.8,9,Mid
238,Fnatic,Broxah,18,13,5,72.2,2.61,1.06,7.72,9.78,167.5,5.62,11.13,374,68.1,17.2,19.8,8,JG
239,Fnatic,Caps,18,13,5,72.2,5.17,2.78,5.11,3.7,275.22,9.23,13.33,447,67.8,34.1,23.7,11,Mid
240,Golden_Guardians,Contractz,18,5,13,27.8,2.06,3.78,5.72,2.06,175.39,4.96,11.08,313,71.4,18.9,18.1,8,JG
241,Golden_Guardians,Deftly,18,5,13,27.8,3.0,0.89,3.67,7.5,346.83,9.81,14.45,409,61.2,27.6,23.6,9,ADC
242,Giants_Gaming,Djoko,18,5,13,27.8,2.17,2.67,4.06,2.33,162.72,4.59,10.72,303,67.1,23.4,17.8,10,JG
243,Team_Liquid,Doublelift,18,12,6,66.7,3.78,1.39,4.06,5.64,327.78,10.19,14.27,444,72.7,35.1,24.1,8,ADC
244,Unicorns_Of_Love,Exileh,18,7,11,38.9,3.5,3.5,3.0,1.86,279.67,8.95,12.55,402,67.6,36.4,23.4,6,Mid
245,Clutch_Gaming,Febiven,18,6,12,33.3,2.17,2.28,4.61,2.98,353.83,8.99,14.66,372,65.2,20.9,21.7,8,Mid
246,Cherry_Esports,HanKay,18,7,11,38.9,0.94,3.67,8.28,2.52,35.83,1.21,7.25,246,61.5,6.3,13.3,6,Supp
247,Misfits_Gaming,Hans Sama,18,11,7,61.1,3.17,1.56,5.67,5.68,302.44,9.2,14.04,427,69.7,25.0,23.5,7,ADC
248,Gen.G,Haru,18,12,6,66.7,2.56,2.06,4.28,3.32,199.17,6.12,11.76,362,68.3,25.6,19.6,9,JG
249,Team_ROCCAT,HeaQ,18,7,11,38.9,3.06,1.61,4.78,4.86,333.94,9.35,14.53,407,67.5,26.3,23.4,9,ADC
250,Counter_Logic_Gaming,Huhi,18,7,11,38.9,2.89,1.83,4.61,4.09,348.11,9.47,14.58,396,68.9,26.5,22.7,11,Mid
251,Fnatic,Hylissang,18,13,5,72.2,1.89,3.0,7.28,3.06,43.44,1.46,8.01,269,60.4,12.5,14.3,7,Supp
252,Team_Liquid,Impact,18,12,6,66.7,2.22,2.0,5.33,3.78,280.83,8.73,12.69,395,70.1,20.6,21.4,12,Top
253,Splyce,KaSing,18,9,9,50.0,0.61,1.94,6.06,3.43,51.5,1.4,8.55,233,58.8,5.4,13.5,11,Supp
254,Splyce,Kobbe,18,9,9,50.0,3.56,1.33,4.06,5.71,353.56,9.63,15.44,421,67.2,31.4,24.4,9,ADC
255,Unicorns_Of_Love,Kold,18,7,11,38.9,1.67,2.39,5.39,2.95,159.17,5.09,10.02,321,73.4,17.3,18.7,8,JG
256,Cloud9,Licorice,18,11,7,61.1,2.89,1.61,4.94,4.86,342.61,9.51,15.36,426,62.4,23.0,22.9,11,Top
257,Golden_Guardians,Lourlo,18,5,13,27.8,2.11,1.78,3.39,3.09,313.67,8.87,13.51,382,50.5,19.4,22.0,11,Top
258,Golden_Guardians,Matt,18,5,13,27.8,0.89,2.61,6.39,2.79,43.28,1.22,8.31,235,66.8,8.2,13.5,8,Supp
259,Misfits_Gaming,Maxlore,18,11,7,61.1,3.0,2.22,6.17,4.13,183.0,5.57,11.64,354,72.4,23.7,19.5,8,JG
260,Team_ROCCAT,Memento,18,7,11,38.9,3.33,2.83,5.06,2.96,176.5,4.94,11.83,331,72.2,28.7,19.1,9,JG
261,Splyce,Nisqy,18,9,9,50.0,3.28,1.78,4.56,4.41,311.89,8.5,14.08,384,69.1,28.9,22.3,9,Mid
262,Team_ROCCAT,Norskeren,18,7,11,38.9,0.94,2.94,6.28,2.45,64.72,1.81,8.67,243,62.2,8.1,14.0,7,Supp
263,Splyce,Odoamne,18,9,9,50.0,1.94,3.0,5.11,2.35,311.94,8.5,13.72,374,62.3,17.2,21.7,9,Top
264,Team_Liquid,Olleh,18,12,6,66.7,0.72,2.44,7.11,3.2,55.17,1.72,8.44,263,72.7,6.7,14.2,5,Supp
265,Team_Afro,PingPong,18,7,11,38.9,3.5,3.61,3.67,1.98,322.94,8.6,14.56,388,67.5,33.0,23.2,6,Top
266,Team_Liquid,Pobelter,18,12,6,66.7,2.33,1.94,5.28,3.91,306.28,9.52,13.13,408,70.6,21.6,22.2,9,Mid
267,OpTic_Gaming,PowerOfEvil,18,9,9,50.0,3.28,1.78,3.33,3.72,415.56,10.6,16.99,433,78.8,39.1,24.9,12,Mid
268,Team_ROCCAT,Profit,18,7,11,38.9,2.22,2.06,4.94,3.49,312.22,8.74,13.46,377,61.7,19.1,21.7,7,Top
269,H2k-Gaming,Promisq,18,2,16,11.1,0.39,3.39,4.28,1.38,41.22,1.3,6.95,220,61.8,5.1,13.3,9,Supp
270,Giants_Gaming,Ruin,18,5,13,27.8,1.72,3.61,3.61,1.48,295.72,8.35,12.96,366,57.5,18.6,21.5,9,Top
271,Misfits_Gaming,Sencux,18,11,7,61.1,3.5,1.56,5.78,5.96,282.28,8.59,12.94,394,73.2,27.6,21.7,12,Mid
272,Giants_Gaming,SirNukesAlot,18,5,13,27.8,0.28,3.44,5.44,1.66,50.83,1.43,8.24,232,61.7,3.0,13.7,8,Supp
273,H2k-Gaming,Smittyj,18,2,16,11.1,1.56,3.67,2.72,1.17,268.61,8.5,11.54,365,56.6,20.6,22.1,10,Top
274,Clutch_Gaming,Solo (Colin Earnest),18,6,12,33.3,2.06,3.11,4.44,2.09,344.06,8.74,15.18,386,62.6,19.8,22.5,10,Top
275,Giants_Gaming,Steeelback,18,5,13,27.8,2.67,1.89,3.78,3.41,344.72,9.73,14.69,415,69.5,28.7,24.4,6,ADC
276,Counter_Logic_Gaming,Stixxay,18,7,11,38.9,3.28,1.5,3.67,4.63,376.72,10.25,15.83,431,63.8,30.1,24.7,7,ADC
277,Unicorns_Of_Love,Totoro,18,7,11,38.9,0.67,3.56,5.39,1.7,49.61,1.59,7.42,238,63.0,6.9,13.8,7,Supp
278,Unicorns_Of_Love,WhiteKnight,18,7,11,38.9,1.44,2.17,3.61,2.33,257.33,8.24,11.24,360,52.6,15.0,20.9,10,Top
279,Splyce,Xerxe,18,9,9,50.0,1.94,1.83,5.89,4.26,176.83,4.82,11.45,312,69.1,17.2,18.1,8,JG
280,Team_Liquid,Xmithie,18,12,6,66.7,1.72,2.11,5.39,3.37,177.06,5.51,10.73,334,66.0,16.0,18.1,9,JG
281,Vikings_Gaming,Bear (Nguyễn Văn Tình),17,4,13,23.5,3.47,2.94,3.65,2.42,268.12,8.64,11.91,384,64.7,31.6,23.0,13,Mid
282,Counter_Logic_Gaming,Darshan,17,6,11,35.3,1.76,2.41,3.88,2.34,285.24,7.79,12.79,350,53.3,16.7,20.2,8,Top
283,MES,Kiaya,17,9,8,52.9,2.76,2.71,5.12,2.91,268.88,8.45,12.37,389,54.3,19.0,21.4,9,Top
284,Oh_My_God,Mountain,17,6,11,35.3,1.59,3.18,5.59,2.25,168.65,4.98,10.71,316,73.5,16.3,18.1,7,JG
285,H2k-Gaming,Sheriff,17,2,15,11.8,1.47,2.76,3.06,1.64,279.0,8.88,11.71,373,58.8,19.1,22.6,10,ADC
286,Invictus_Gaming,TheShy,17,14,3,82.4,3.47,2.82,5.29,3.1,293.59,9.19,13.68,428,49.2,19.5,22.2,9,Top
287,Oh_My_God,XuanXuanPi,17,6,11,35.3,3.29,2.24,3.18,2.89,324.29,9.45,14.04,409,66.7,33.9,23.6,10,ADC
288,OpTic_Gaming,Akaadian,16,9,7,56.3,1.31,2.06,4.56,2.85,209.44,5.23,12.79,319,64.4,14.4,18.1,8,JG
289,Clutch_Gaming,Apollo (Apollo Price),16,6,10,37.5,3.38,2.5,3.69,2.83,368.38,9.42,15.96,408,65.3,31.2,23.5,7,ADC
290,Fnatic,Bwipo,16,12,4,75.0,3.88,2.06,6.25,4.91,252.31,8.54,12.56,425,66.7,25.5,22.2,12,ADC
291,Clutch_Gaming,Hakuho,16,6,10,37.5,0.75,3.25,6.31,2.17,42.06,1.08,9.38,240,65.3,6.9,13.8,8,Supp
292,FlyQuest,JayJ,16,9,7,56.3,0.81,2.69,6.38,2.67,59.69,1.78,8.53,255,59.0,6.7,14.3,6,Supp
293,Clutch_Gaming,LirA,16,6,10,37.5,2.25,2.81,4.94,2.56,209.81,5.37,12.69,325,66.5,20.8,18.7,8,JG
294,Golden_Guardians,Mickey,16,5,11,31.3,2.94,2.19,5.06,3.66,335.5,9.42,14.16,397,69.6,25.5,22.7,11,Mid
295,Misfits_Gaming,Mikyx,16,10,6,62.5,0.81,2.5,9.25,4.03,42.56,1.3,8.5,259,74.9,6.0,14.1,9,Supp
296,AHQ,Nestea,16,5,11,31.3,2.44,3.19,4.31,2.12,143.13,4.01,10.48,293,71.5,25.8,17.4,7,JG
297,Team_Afro,Ninuo,16,4,12,25.0,1.25,2.13,2.31,1.68,295.5,8.37,12.28,348,44.2,15.5,21.2,6,Top
298,Counter_Logic_Gaming,Reignover,16,5,11,31.3,1.75,2.75,6.13,2.86,178.44,4.88,11.48,314,77.3,17.2,18.3,7,JG
299,Cloud9,Zeyzal,16,11,5,68.8,0.88,2.19,7.56,3.86,56.44,1.58,9.02,253,69.6,7.2,13.5,7,Supp
300,Team_Afro,Art,15,4,11,26.7,2.6,1.8,2.6,2.89,319.67,9.33,13.43,392,66.1,33.1,23.8,7,ADC
301,Cherry_Esports,Heaven,15,3,12,20.0,1.8,4.07,5.27,1.74,102.0,3.92,7.74,298,59.2,15.1,17.6,9,JG
302,Snake_Esports,Hudie,15,7,8,46.7,0.67,2.33,6.8,3.2,50.13,1.54,7.81,240,73.2,6.5,13.6,9,ADC
303,Royal_Never_Give_Up,Mlxg,15,10,5,66.7,2.53,2.67,6.93,3.55,208.13,5.4,12.95,336,75.9,20.3,18.5,10,JG
304,G-Rex,Raise,15,8,7,53.3,2.0,2.07,6.67,4.19,182.67,4.9,11.93,320,77.8,18.0,18.4,6,JG
305,Fnatic,SOAZ,15,11,4,73.3,1.87,2.27,6.2,3.56,228.27,7.62,10.94,365,50.8,11.8,19.3,7,Top
306,Cherry_Esports,Ynot,15,3,12,20.0,1.53,4.27,6.93,1.98,48.27,1.86,6.75,260,70.9,12.8,15.4,9,Supp
307,100_Thieves,AnDa,14,8,6,57.1,2.29,2.86,7.21,3.33,177.79,4.65,12.46,326,67.2,16.2,17.9,9,JG
308,Echo_Fox,Damonte,14,7,7,50.0,2.93,2.36,3.29,2.64,320.5,9.28,13.69,396,57.2,27.0,22.2,8,Mid
309,OpTic_Gaming,Dhokla,14,8,6,57.1,1.64,2.79,3.43,1.82,376.21,9.4,15.92,398,60.2,19.5,22.6,8,Top
310,Cherry_Esports,Lkaros,14,3,11,21.4,2.64,3.43,4.0,1.94,206.71,7.94,9.51,365,54.1,21.5,21.6,10,Mid
311,Vici,Martin (Tan Qi),14,4,10,28.6,2.79,2.36,4.86,3.24,309.21,9.41,13.56,413,78.1,28.5,24.6,7,ADC
312,We,Pepper,14,7,7,50.0,1.57,3.0,5.5,2.36,166.0,4.74,10.64,304,66.9,14.9,16.9,7,JG
313,H2k-Gaming,Selfie,14,1,13,7.1,2.21,2.0,2.0,2.11,301.43,9.6,12.16,387,63.4,33.3,23.6,10,Mid
314,Kingzone_DragonX,Cuzz,13,6,7,46.2,1.08,2.69,4.23,1.97,190.69,6.07,10.75,342,67.0,13.6,19.4,7,JG
315,Suning_Gaming,Fenfen,13,6,7,46.2,3.69,2.69,5.08,3.26,268.54,7.92,13.08,386,72.2,30.4,21.1,6,Mid
316,Cloud9,Jensen,13,9,4,69.2,4.31,1.77,6.23,5.96,322.31,9.2,14.67,419,74.9,30.6,22.3,8,Mid
317,Cube_Adonis,LL (Ngô Minh Quân),13,8,5,61.5,3.69,2.54,4.77,3.33,252.46,8.47,11.85,397,50.7,22.1,20.8,7,Top
318,Bilibili_Gaming,M1anhua,13,3,10,23.1,2.46,3.85,4.92,1.92,149.38,4.35,10.37,302,70.1,23.4,17.9,7,JG
319,H2k-Gaming,Shook,13,0,13,0.0,1.69,3.15,2.69,1.39,169.62,5.42,9.55,305,67.1,25.9,19.3,9,JG
320,Vici,Xintai,13,4,9,30.8,1.0,3.62,7.23,2.27,46.62,1.28,8.81,242,68.6,8.3,14.0,6,Supp
321,FunPlus_Phoenix,Xinyi,13,4,9,30.8,1.54,2.85,4.0,1.95,170.38,5.12,10.46,314,66.1,18.3,17.9,6,JG
322,MES,Calm,12,7,5,58.3,3.58,3.5,7.67,3.21,198.5,6.8,10.87,372,56.7,18.1,19.3,8,Top
323,Echo_Fox,Smoothie,12,5,7,41.7,0.83,2.25,7.75,3.81,37.42,1.07,8.33,238,69.1,6.7,13.3,6,Supp
324,Cloud9,Sneaky,12,10,2,83.3,3.08,2.0,5.83,4.46,341.33,9.92,14.98,435,66.5,23.0,22.8,7,ADC
325,Friends_Forever_QTV_Gaming,Sya,12,5,7,41.7,1.58,4.17,6.92,2.04,49.75,1.8,7.13,257,62.6,11.7,14.2,5,Supp
326,Royal_Never_Give_Up,Able,11,10,1,90.9,4.64,1.36,6.27,8.0,340.0,9.59,16.29,459,65.9,28.0,23.5,6,ADC
327,Bilibili_Gaming,Athena,11,3,8,27.3,2.55,2.09,5.18,3.7,317.18,8.88,13.66,382,73.9,24.3,22.6,9,Mid
328,Vikings_Gaming,Beeone,11,0,11,0.0,1.55,4.18,4.18,1.37,247.45,8.69,10.25,360,50.8,13.7,22.1,8,Mid
329,We,Ben,11,6,5,54.5,0.55,2.18,6.91,3.42,50.91,1.53,8.26,248,68.3,5.0,13.9,5,Supp
330,Machi_E-Sports,Crash,11,2,9,18.2,0.91,3.09,4.82,1.85,144.36,4.43,9.35,287,82.9,13.2,17.6,7,JG
331,Freecs,Kramer,11,5,6,45.5,2.0,0.91,4.27,6.9,331.82,9.47,14.15,404,71.1,22.7,23.3,7,ADC
332,Machi_E-Sports,M1ssion,11,7,4,63.6,2.36,1.64,4.0,3.89,334.0,9.58,14.2,407,68.0,25.2,22.4,5,Mid
333,Echo_Fox,Altec,10,6,4,60.0,3.2,2.6,3.9,2.73,305.8,9.23,13.42,405,55.9,25.2,22.6,6,ADC
334,Machi_E-Sports,BoBo (Wang You-Lin),10,5,5,50.0,2.1,1.7,4.4,3.82,314.4,8.25,13.95,366,55.6,17.9,21.1,6,Top
335,We,GENTLE,10,2,8,20.0,2.6,1.6,2.8,3.38,338.9,9.14,14.35,387,66.7,32.1,22.8,5,ADC
336,Team_Vitality,Gilius,10,5,5,50.0,1.5,2.2,6.2,3.5,150.7,4.82,10.03,321,64.2,12.5,18.0,5,JG
337,Team_Vitality,Kikis,10,9,1,90.0,2.7,1.7,9.7,7.29,189.0,5.4,12.51,358,76.1,16.6,18.7,6,JG
338,Echo_Fox,Lost,10,5,5,50.0,3.7,1.8,4.6,4.61,313.6,9.18,14.32,419,70.9,31.6,23.3,5,ADC
339,Freecs,Mowgli,10,5,5,50.0,1.3,1.7,5.5,4.0,179.8,4.59,11.53,294,65.4,12.5,16.7,6,JG
340,Unicorns_Of_Love,Samux,10,5,5,50.0,2.6,2.1,2.9,2.62,270.4,9.26,11.9,407,53.9,25.5,23.1,7,ADC
341,Phong_V%C5%A9_Buffalo,XuHao,10,7,3,70.0,3.3,3.3,6.7,3.03,160.3,5.25,10.77,352,57.5,19.0,18.3,6,JG
342,Cloud9,Blaber,9,8,1,88.9,2.89,2.44,7.44,4.23,197.11,5.97,12.21,370,76.9,21.5,19.5,6,JG
343,Rogue_Warriors,Holder,9,6,3,66.7,5.22,2.22,3.67,4.0,291.11,9.3,13.57,433,51.3,30.1,21.9,6,Top
344,Rogue_Warriors,Kiwi,9,6,3,66.7,3.0,2.89,7.67,3.69,129.0,4.12,10.13,324,61.5,17.3,16.3,4,JG
345,Cloud9,Svenskeren,9,3,6,33.3,1.67,3.33,6.89,2.57,198.33,5.08,12.79,328,73.3,14.3,17.9,6,JG
346,Vici,Youdang,9,2,7,22.2,1.44,3.67,7.22,2.36,143.22,4.66,9.31,303,78.8,13.1,18.0,5,JG
347,H2k-Gaming,Caedrel,8,2,6,25.0,1.75,3.13,4.75,2.08,166.38,5.3,10.21,326,70.3,18.9,18.6,6,JG
348,Echo_Fox,Feng (Wang Xiao-Feng),8,4,4,50.0,0.75,3.25,7.25,2.46,44.13,1.28,8.06,234,68.1,6.4,13.4,7,Supp
349,MVP,Motive,8,2,6,25.0,0.13,2.63,4.63,1.81,54.5,1.72,7.25,228,79.2,2.1,14.0,4,Supp
350,Unicorns_Of_Love,Neon (Matúš Jakubčík),8,2,6,25.0,2.0,2.38,4.0,2.52,311.13,9.21,13.19,390,67.6,22.5,23.3,5,ADC
351,Griffin,Rather,8,5,3,62.5,2.38,1.5,4.0,4.25,337.88,9.94,13.73,404,75.0,27.9,22.2,6,Mid
352,AHQ,Taizan,8,2,6,25.0,0.75,3.88,4.5,1.35,163.25,4.63,10.2,289,71.2,10.2,17.4,6,JG
353,AHQ,Westdoor,8,2,6,25.0,0.88,2.88,5.0,2.04,195.75,5.19,11.43,303,62.7,9.3,17.7,6,JG
354,Bbq_Olivers,Bono,7,0,7,0.0,0.86,4.71,4.43,1.12,148.0,4.22,9.63,274,80.4,13.0,17.3,5,JG
355,FTV_Esports,Divkid,7,1,6,14.3,3.43,3.0,4.43,2.62,267.14,9.49,11.44,406,65.5,28.6,24.2,5,ADC
356,Cloud9,Goldenglue,7,2,5,28.6,2.57,1.86,5.0,4.08,358.0,9.21,15.54,400,70.7,24.0,22.1,7,Mid
357,KTRolster,Rush,7,4,3,57.1,2.0,3.29,4.29,1.91,185.29,5.5,11.36,337,61.1,19.4,18.8,4,JG
358,Team_Afro,Butter,6,2,4,33.3,0.83,3.67,6.17,1.91,136.33,4.66,8.55,292,73.7,8.8,17.9,4,JG
359,Echo_Fox,Fenix,6,4,2,66.7,3.33,3.17,6.83,3.21,249.83,7.91,11.98,379,66.3,21.7,20.8,6,Mid
360,Yoe_Flash_Wolves,MMD,6,4,2,66.7,3.0,1.67,5.0,4.8,233.0,7.93,11.07,377,68.6,25.7,21.1,5,Top
361,100_Thieves,Meteos,6,4,2,66.7,1.33,2.33,6.33,3.29,132.33,3.83,10.6,307,59.7,10.4,16.7,6,JG
362,SKT1,Wolf (Lee Jae-wan),6,0,6,0.0,0.33,4.17,4.5,1.15,39.83,1.3,6.87,224,87.9,6.1,13.8,5,Supp
363,Cube_Adonis,Bie,5,3,2,60.0,1.0,2.8,9.0,3.57,30.6,0.95,8.3,257,70.4,7.0,13.7,3,Supp
364,SKT1,Blossom,5,1,4,20.0,2.0,3.0,2.4,1.47,187.8,6.51,10.04,348,64.7,29.4,20.7,4,JG
365,J_Team,Hana,5,0,5,0.0,2.0,2.6,1.2,1.23,358.4,9.53,14.32,381,59.3,37.0,24.0,4,ADC
366,MVP,MaHa,5,0,5,0.0,0.4,2.6,2.0,0.92,286.8,8.55,11.14,332,46.2,7.7,21.5,5,ADC
367,Topsports_Gaming,MaRin,5,3,2,60.0,1.8,2.2,3.6,2.45,349.6,9.84,14.92,420,54.0,18.0,23.0,3,Top
368,Vikings_Gaming,Osas,5,1,4,20.0,1.4,6.6,6.8,1.24,31.4,1.11,6.84,241,55.4,9.5,13.8,3,Supp
369,Fnatic,Rekkles,5,3,2,60.0,1.8,1.6,6.2,5.0,279.2,9.26,12.22,405,61.5,13.8,22.8,4,ADC
370,MAD_Team,Rock (Tsai Chung-Ting),5,4,1,80.0,1.4,2.8,4.4,2.06,251.8,7.3,12.1,351,39.2,9.5,18.7,1,Top
371,Cube_Adonis,Shaorann,5,2,3,40.0,0.4,2.8,7.6,2.86,41.2,1.4,6.94,236,48.2,2.4,13.1,3,Supp
372,Yoe_Flash_Wolves,ShiauC,5,4,1,80.0,1.2,2.4,9.2,4.33,35.4,1.0,8.42,239,77.6,9.0,13.2,4,Supp
373,OpTic_Gaming,Allorim,4,1,3,25.0,2.25,2.25,3.5,2.56,291.0,8.02,12.78,352,69.7,27.3,21.1,2,Top
374,Bbq_Olivers,Aries (Lee Chae-hwan),4,0,4,0.0,1.0,3.5,3.0,1.13,287.75,8.63,12.08,362,55.2,13.8,23.3,3,ADC
375,Lgd,Fdy,4,0,4,0.0,1.5,2.5,2.25,1.5,239.75,8.19,10.28,351,62.5,25.0,23.2,3,ADC
376,JAG,KaKAO,4,0,4,0.0,0.25,2.25,1.0,0.56,141.5,4.37,8.35,258,41.7,8.3,16.2,4,JG
377,Cloud9,Keith,4,1,3,25.0,1.5,2.75,3.0,1.64,363.5,9.25,15.48,394,54.5,18.2,22.1,4,ADC
378,FlyQuest,Kwon,4,1,3,25.0,1.0,3.5,4.75,1.64,40.0,1.35,6.65,224,63.9,11.1,14.1,4,Supp
379,Team_Afro,Laba,4,1,3,25.0,1.25,3.25,4.0,1.62,162.0,4.39,10.48,284,65.6,15.6,17.2,2,JG
380,Vikings_Gaming,OPG1,4,0,4,0.0,2.5,5.0,5.5,1.6,231.0,7.92,10.35,355,58.2,18.2,21.5,3,Mid
381,Vikings_Gaming,Shinie,4,0,4,0.0,1.25,3.75,3.0,1.12,92.75,3.58,6.95,268,68.0,20.0,17.8,4,JG
382,FTV_Esports,Tiger (Trần Dần),4,0,4,0.0,1.0,3.5,5.25,1.79,51.0,1.59,7.25,227,54.3,8.7,13.7,4,Supp
383,Gen.G,Crown,3,2,1,66.7,1.33,1.33,2.67,3.0,330.0,9.22,13.33,372,66.7,22.2,21.7,3,Mid
384,Snake_Esports,Gyu,3,1,2,33.3,4.33,3.67,5.33,2.64,373.0,9.56,15.8,405,72.5,32.5,23.0,3,Mid
385,Snake_Esports,KRYST4L,3,1,2,33.3,2.0,3.33,5.67,2.29,381.67,10.09,15.5,410,79.3,20.7,23.8,3,ADC
386,AHQ,Kino,3,1,2,33.3,0.67,2.67,2.33,1.12,44.0,1.35,7.07,217,69.2,15.4,12.8,3,Supp
387,Friends_Forever_QTV_Gaming,Kriss,3,2,1,66.7,1.67,3.0,8.0,3.22,130.0,4.9,8.83,333,58.0,10.0,17.3,3,JG
388,SKT1,Leo (Han Gyeo-re),3,1,2,33.3,1.67,1.33,4.67,4.75,279.67,9.22,12.43,410,73.1,19.2,23.2,3,ADC
389,EVOS_Esports,Violet (Ngô Mạnh Quyền),3,1,2,33.3,0.33,3.0,3.0,1.11,131.33,4.78,7.9,287,40.0,4.0,16.6,3,Top
390,Echo_Fox,Adrian,2,2,0,100.0,1.0,3.0,9.0,3.33,70.5,2.51,8.05,286,60.6,6.1,14.2,2,Supp
391,Vikings_Gaming,Beo,2,0,2,0.0,0.0,4.0,4.0,1.0,80.5,3.03,6.35,239,53.3,0.0,15.3,2,JG
392,Golden_Guardians,Bobqin,2,0,2,0.0,2.0,2.0,1.5,1.75,325.0,9.81,12.7,383,58.3,33.3,23.8,2,Mid
393,Vikings_Gaming,Eragon,2,0,2,0.0,6.5,8.5,3.0,1.12,165.0,5.96,10.3,372,51.4,35.1,20.6,2,Mid
394,OpTic_Gaming,Gate,2,0,2,0.0,0.0,2.5,2.0,0.8,38.0,1.16,7.0,214,80.0,0.0,13.9,2,JG
395,We,Imp,2,0,2,0.0,2.0,1.5,2.0,2.67,359.0,10.41,14.15,410,80.0,40.0,25.3,2,ADC
396,Misfits_Gaming,Jesiz,2,1,1,50.0,0.0,1.5,3.5,2.33,42.5,1.28,7.1,214,53.8,0.0,12.7,2,Supp
397,H2k-Gaming,Larssen,2,1,1,50.0,4.5,1.5,3.0,5.0,403.0,10.72,16.4,436,60.0,36.0,23.9,2,Mid
398,We,Magic,2,2,0,100.0,3.0,2.0,14.0,8.5,140.5,4.82,10.3,353,87.2,15.4,17.9,2,JG
399,Clutch_Gaming,Moon (Galen Holgate),2,0,2,0.0,1.5,2.0,4.5,3.0,184.5,4.43,11.5,276,85.7,21.4,18.0,1,JG
400,Lgd,Newt,2,0,2,0.0,0.0,2.5,1.0,0.4,15.5,0.6,5.05,195,25.0,0.0,13.2,1,Supp
401,Machi_E-Sports,PaSa,2,0,2,0.0,1.0,2.5,5.5,2.6,61.5,1.81,7.8,229,92.9,14.3,14.7,2,Supp
402,Clutch_Gaming,Piglet,2,0,2,0.0,2.5,3.0,2.5,1.67,352.0,8.45,15.2,365,71.4,35.7,23.8,1,ADC
403,AHQ,Tuna,2,0,2,0.0,0.5,3.0,5.5,2.0,47.0,1.22,8.45,220,57.1,4.8,13.6,2,Supp
404,Clutch_Gaming,Vulcan (Philippe Laflamme),2,0,2,0.0,0.5,3.0,5.0,1.83,65.0,1.56,8.3,199,78.6,7.1,13.0,1,Supp
405,Counter_Logic_Gaming,Wiggily,2,2,0,100.0,5.5,0.5,5.0,21.0,216.5,5.64,14.95,390,63.6,33.3,19.8,2,JG
406,Hanwha_Life_Esports,Asper,1,0,1,0.0,1.0,2.0,5.0,3.0,78.0,2.03,10.1,263,60.0,10.0,14.4,1,Supp
407,Hanwha_Life_Esports,Brook,1,0,1,0.0,3.0,2.0,4.0,3.5,336.0,8.76,15.7,409,70.0,30.0,22.4,1,Top
408,Hanwha_Life_Esports,Clever,1,0,1,0.0,3.0,2.0,5.0,4.0,357.0,9.3,16.3,425,80.0,30.0,23.3,1,ADC
409,Vici,Easyhoon,1,0,1,0.0,2.0,2.0,4.0,3.0,204.0,7.4,9.0,326,46.2,15.4,20.0,1,Mid
410,G-Rex,Empt2y,1,0,1,0.0,0.0,3.0,2.0,0.67,177.0,5.03,9.9,281,40.0,0.0,17.5,1,JG
411,Counter_Logic_Gaming,FallnBandit,1,1,0,100.0,1.0,1.0,7.0,8.0,313.0,7.9,14.5,366,50.0,6.3,18.5,1,Top
412,KTRolster,Kingen,1,0,1,0.0,1.0,3.0,2.0,1.0,277.0,7.96,11.3,325,100.0,33.3,20.8,1,Top
413,Royal_Never_Give_Up,Ming (Shi Sen-Ming),1,0,1,0.0,0.0,1.0,5.0,5.0,7.0,0.21,6.8,202,83.3,0.0,12.9,1,Supp
414,Gen.G,Mong,1,0,1,0.0,2.0,3.0,1.0,1.0,203.0,8.6,8.6,364,75.0,50.0,21.8,1,Top
415,Yoe_Flash_Wolves,Morning,1,0,1,0.0,1.0,5.0,1.0,0.4,163.0,4.97,9.9,302,66.7,33.3,18.1,1,JG
